[
  {
    "id": 1,
    "displayName": "Transcof",
    "description": "in faucibus orci luctus et ultrices posuere cubilia curae donec pharetra magna vestibulum aliquet ultrices erat tortor sollicitudin mi sit amet lobortis sapien sapien non mi integer ac neque duis bibendum morbi non quam nec dui luctus rutrum nulla tellus in sagittis dui vel nisl duis ac nibh fusce lacus purus aliquet at feugiat non pretium quis lectus suspendisse potenti in eleifend quam a odio in hac habitasse platea dictumst maecenas ut massa quis augue luctus tincidunt nulla mollis molestie lorem quisque ut erat curabitur gravida nisi at nibh in hac habitasse platea dictumst aliquam augue quam sollicitudin vitae consectetuer eget rutrum at lorem integer tincidunt ante vel ipsum praesent blandit lacinia erat vestibulum sed magna at nunc commodo placerat praesent blandit nam nulla integer pede justo lacinia eget tincidunt eget tempus vel pede morbi porttitor lorem id ligula suspendisse ornare consequat lectus in est risus auctor sed tristique in tempus sit amet sem",
    "price": 195,
    "rating": 5.0,
    "img": "http://dummyimage.com/217x100.png/5fa2dd/ffffff",
    "level": "Visionary",
    "class": 24,
    "enrolled": 258
  },
  {
    "id": 2,
    "displayName": "Transcof",
    "description": "praesent lectus vestibulum quam sapien varius ut blandit non interdum in ante vestibulum ante ipsum primis in faucibus orci luctus et ultrices posuere cubilia curae duis faucibus accumsan odio curabitur convallis duis consequat dui nec nisi volutpat eleifend donec ut dolor morbi vel lectus in quam fringilla rhoncus mauris enim leo rhoncus sed vestibulum sit amet cursus id turpis integer aliquet massa id lobortis convallis tortor",
    "price": 138,
    "rating": 5.0,
    "img": "http://dummyimage.com/197x100.png/ff4444/ffffff",
    "level": "Synchronised",
    "class": 23,
    "enrolled": 224
  },
  {
    "id": 3,
    "displayName": "Zaam-Dox",
    "description": "morbi vel lectus in quam fringilla rhoncus mauris enim leo rhoncus sed vestibulum sit amet cursus id turpis integer aliquet massa id lobortis convallis tortor risus dapibus augue vel accumsan tellus nisi eu orci mauris lacinia sapien quis libero nullam sit amet turpis elementum ligula vehicula consequat morbi a ipsum integer a nibh in quis justo maecenas rhoncus aliquam lacus morbi quis tortor id nulla ultrices aliquet maecenas leo odio condimentum id luctus nec molestie sed justo pellentesque viverra",
    "price": 107,
    "rating": 5.0,
    "img": "http://dummyimage.com/184x100.png/5fa2dd/ffffff",
    "level": "Triple-buffered",
    "class": 16,
    "enrolled": 276
  },
  {
    "id": 4,
    "displayName": "Greenlam",
    "description": "sapien cursus vestibulum proin eu mi nulla ac enim in tempor turpis nec euismod scelerisque quam turpis adipiscing lorem vitae mattis nibh ligula nec sem duis aliquam convallis nunc proin at turpis a pede posuere nonummy integer non velit donec diam neque vestibulum eget vulputate ut ultrices vel augue vestibulum ante ipsum primis in faucibus orci luctus et ultrices posuere cubilia curae donec pharetra magna vestibulum aliquet ultrices erat tortor sollicitudin mi sit amet lobortis sapien sapien non mi integer ac neque duis bibendum",
    "price": 153,
    "rating": 5.0,
    "img": "http://dummyimage.com/191x100.png/5fa2dd/ffffff",
    "level": "Multi-channelled",
    "class": 20,
    "enrolled": 226
  },
  {
    "id": 5,
    "displayName": "Sonair",
    "description": "curae nulla dapibus dolor vel est donec odio justo sollicitudin ut suscipit a feugiat et eros vestibulum ac est lacinia nisi venenatis tristique fusce congue diam id ornare imperdiet sapien urna pretium nisl ut volutpat sapien arcu sed augue aliquam erat volutpat in congue etiam justo etiam pretium iaculis justo in hac habitasse platea dictumst etiam faucibus cursus urna ut tellus nulla ut erat id mauris vulputate elementum nullam varius nulla facilisi cras non velit nec nisi vulputate nonummy maecenas tincidunt lacus at velit vivamus vel nulla eget eros elementum pellentesque quisque porta volutpat erat quisque erat eros viverra",
    "price": 183,
    "rating": 5.0,
    "img": "http://dummyimage.com/135x100.png/dddddd/000000",
    "level": "Adaptive",
    "class": 17,
    "enrolled": 297
  },
  {
    "id": 6,
    "displayName": "Sub-Ex",
    "description": "a nibh in quis justo maecenas rhoncus aliquam lacus morbi quis tortor id nulla ultrices aliquet maecenas leo odio condimentum id luctus nec molestie sed justo pellentesque viverra pede ac diam cras pellentesque volutpat dui maecenas tristique est et tempus semper est quam pharetra magna ac consequat metus sapien ut nunc vestibulum ante ipsum primis in faucibus orci luctus et ultrices posuere cubilia curae mauris viverra diam vitae quam suspendisse potenti nullam porttitor lacus at turpis donec posuere metus vitae ipsum aliquam non mauris morbi non lectus aliquam sit amet diam in magna bibendum imperdiet nullam orci pede venenatis non sodales sed tincidunt eu felis fusce posuere felis sed lacus morbi sem mauris laoreet ut rhoncus aliquet pulvinar sed nisl",
    "price": 195,
    "rating": 5.0,
    "img": "http://dummyimage.com/206x100.png/ff4444/ffffff",
    "level": "directional",
    "class": 16,
    "enrolled": 271
  }
]
